cycle,team,fish,x,z,heading,speed,assigned,pushing,wpCount,wpIdx,distToWp,tcode,vcode,stuck,note
10,1,0,-1321,12,-0.037,68.6,1,0,5,3,1142,3,5,0,
20,1,0,-1245,-7,-0.204,96.9,1,0,5,3,1105,3,5,0,
30,1,0,-1164,-29,-0.489,85.6,1,0,5,2,306,0,3,0,
40,1,0,-1054,-47,-0.801,73.5,1,0,5,2,456,1,3,0,
50,1,0,-1047,-139,-1.107,69.8,1,0,5,2,423,2,3,0,
60,1,0,-1007,-193,-1.428,69.8,1,0,5,2,468,2,3,0,
70,1,0,-1030,-242,-1.533,69.8,1,0,5,2,457,2,3,0,
80,1,0,-1046,-307,-1.772,69.8,1,0,5,2,464,3,3,0,
90,1,0,-1002,-346,-2.062,69.8,1,0,5,2,512,4,3,0,
100,1,0,-1065,-394,-2.248,69.8,1,0,5,2,405,5,3,0,
110,1,0,-1091,-419,-2.369,69.8,1,0,5,2,419,5,3,0,
120,1,0,-1137,-487,-2.496,69.8,1,0,5,2,333,5,3,0,
130,1,0,-1151,-529,-2.577,69.8,1,0,5,2,319,5,3,0,
140,1,0,-1201,-537,-2.590,69.8,1,0,5,2,269,5,3,0,
150,1,0,-1285,-562,-2.723,69.8,1,0,5,3,588,9,3,0,
160,1,0,-1346,-585,-2.674,69.8,1,0,5,3,522,9,3,0,
170,1,0,-1371,-634,-2.610,69.8,1,0,5,3,467,9,3,0,
180,1,0,-1448,-638,-2.536,69.8,1,0,5,3,446,9,3,0,
190,1,0,-1458,-690,-2.467,69.8,1,0,5,3,394,9,3,0,
200,1,0,-1483,-694,-2.303,69.8,1,0,4,2,426,9,3,0,
210,1,0,-1537,-730,-2.202,69.8,1,0,5,3,357,9,3,0,
220,1,0,-1585,-818,-2.149,69.8,1,0,5,3,286,10,3,0,
230,1,0,-1593,-879,-2.047,69.8,1,0,5,3,270,9,3,0,
240,1,0,-1634,-918,-1.932,69.8,1,0,5,4,253,10,3,0,
250,1,0,-1591,-965,-1.848,69.8,1,0,5,4,189,9,3,0,
260,1,0,-1638,-1034,-1.633,69.8,1,0,5,4,176,10,3,0,
270,1,0,-1612,-1149,-1.512,215.1,1,1,-2,-2,287,12,14,0,
280,1,0,-1620,-1409,-1.279,275.0,1,1,-2,-2,432,12,14,0,
290,1,0,-1482,-1397,-0.966,295.8,1,1,-2,-2,381,11,14,0,
300,1,0,-1267,-1400,-1.128,303.1,1,1,-2,-2,353,12,14,0,
310,1,0,-1102,-1421,-0.717,180.4,1,0,5,2,369,1,3,0,
320,1,0,-1001,-1404,-0.809,106.6,1,0,5,2,469,1,3,0,
330,1,0,-983,-1372,-1.070,80.8,1,0,5,2,488,2,3,0,
340,1,0,-937,-1359,-1.293,71.8,1,0,5,2,535,2,3,0,
350,1,0,-914,-1412,-1.527,69.8,1,0,5,2,556,3,3,0,
360,1,0,-917,-1394,-1.852,69.8,1,0,5,2,553,4,3,0,
370,1,0,-960,-1413,-1.998,69.8,1,0,5,2,510,4,3,0,
380,1,0,-949,-1388,-2.037,69.8,1,0,5,2,521,4,3,0,
390,1,0,-955,-1419,-2.313,69.8,1,0,5,2,515,5,3,0,
400,1,0,-1024,-1415,-2.257,69.8,1,0,5,2,446,5,3,0,
410,1,0,-1080,-1419,-2.429,69.8,1,0,5,2,390,5,3,0,
420,1,0,-1119,-1428,-2.523,69.8,1,0,0,0,-1,3,3,0,
430,1,0,-1167,-1450,-2.715,69.8,1,0,0,0,-1,3,3,0,
440,1,0,-1219,-1457,-2.900,69.8,1,0,0,0,-1,3,3,0,
450,1,0,-1284,-1469,-3.015,69.8,1,0,0,0,-1,3,3,0,
460,1,0,-1348,-1419,3.087,69.8,1,0,5,3,375,4,3,0,
470,1,0,-1391,-1377,2.927,69.8,1,0,5,3,320,5,3,0,
480,1,0,-1462,-1341,2.693,69.8,1,0,5,3,265,5,3,0,
490,1,0,-1477,-1291,2.565,69.8,1,0,5,4,171,4,3,0,
500,1,0,-1547,-1271,2.458,69.8,1,0,5,4,169,4,3,0,
510,1,0,-1573,-1242,2.295,134.1,1,1,-2,-2,298,2,14,0,
520,1,0,-1697,-1086,2.006,246.7,1,1,-2,-2,346,2,14,0,
530,1,0,-1826,-810,1.972,286.0,1,1,-2,-2,510,2,14,0,
540,1,0,-1878,-555,1.677,299.7,1,1,-2,-2,726,2,14,0,
550,1,0,-1951,-233,1.539,304.4,1,1,-2,-2,982,2,14,0,
560,1,0,-1820,8,0.655,305.5,1,1,-2,-2,1169,4,14,0,
570,1,0,-1627,206,0.892,246.9,1,0,5,3,1291,1,6,0,
580,1,0,-1448,352,0.713,175.9,1,0,5,3,1433,1,7,0,
590,1,0,-1347,411,0.332,161.6,1,0,5,3,1536,2,7,0,
600,1,0,-1155,471,0.132,156.7,1,0,5,3,1591,2,7,0,
610,1,0,-1022,476,-0.236,119.5,1,0,5,2,488,0,3,0,
620,1,0,-941,401,-0.591,85.3,1,0,5,2,530,0,3,0,
630,1,0,-854,361,-0.799,74.9,1,0,5,2,621,1,3,0,
640,1,0,-844,330,-1.194,74.9,1,0,5,2,666,2,3,0,
650,1,0,-799,286,-1.456,74.9,1,0,5,2,715,2,3,0,
660,1,0,-837,205,-1.668,74.9,1,0,5,2,674,3,3,0,
670,1,0,-792,163,-1.897,74.9,1,0,5,2,723,4,3,0,
680,1,0,-811,79,-2.067,74.9,1,0,5,2,717,4,3,0,
690,1,0,-878,34,-2.212,74.9,1,0,5,2,665,4,3,0,
700,1,0,-926,58,-2.350,74.9,1,0,5,2,612,4,3,0,
710,1,0,-981,5,-2.491,74.9,1,0,5,2,578,4,3,0,
720,1,0,-982,4,-2.574,74.9,1,0,5,2,488,6,3,0,
730,1,0,-1060,50,-2.641,74.9,1,0,5,2,413,6,3,0,
740,1,0,-1107,45,-2.849,74.9,1,0,5,2,366,7,3,0,
750,1,0,-1156,9,-2.777,74.9,1,0,5,2,314,6,3,0,
760,1,0,-1251,-1,-2.828,78.6,1,0,5,3,1101,10,5,0,
770,1,0,-1300,4,-2.805,100.4,1,0,5,3,1097,10,5,0,
780,1,0,-1365,-30,-2.708,107.9,1,0,5,3,1055,10,5,0,
790,1,0,-1461,10,-2.622,107.9,1,0,5,3,1090,10,5,0,
800,1,0,-1563,-39,-2.568,107.9,1,0,5,3,1045,10,5,0,
810,1,0,-1639,-86,-2.471,107.9,1,0,5,3,1008,10,5,0,
820,1,0,-1739,-134,-2.322,103.2,1,0,5,3,983,10,4,0,
830,1,0,-1787,-189,-2.076,99.8,1,0,5,3,945,9,4,0,
840,1,0,-1790,-277,-2.013,99.3,1,0,5,3,864,9,4,0,
850,1,0,-1860,-361,-2.059,96.1,1,0,5,3,818,10,4,0,
860,1,0,-1882,-398,-1.880,81.8,1,0,5,3,797,9,3,0,
870,1,0,-1870,-474,-1.827,72.2,1,0,5,3,726,9,3,0,
880,1,0,-1908,-560,-1.741,70.1,1,0,5,2,398,11,3,0,
890,1,0,-1905,-641,-1.531,70.1,1,0,5,2,442,11,3,0,
900,1,0,-1894,-717,-1.347,70.1,1,0,5,2,452,11,3,0,
910,1,0,-1910,-766,-1.159,70.1,1,0,5,2,486,11,3,0,
920,1,0,-1896,-800,-0.971,70.1,1,0,5,2,489,11,3,0,
930,1,0,-1853,-846,-0.864,70.1,1,0,5,2,478,11,3,0,
940,1,0,-1799,-868,-0.577,70.1,1,0,5,2,329,8,3,0,
950,1,0,-1736,-948,-0.457,70.1,1,0,5,2,275,9,3,0,
960,1,0,-1667,-932,-0.387,70.1,1,0,5,4,255,6,3,0,
970,1,0,-1592,-950,-0.528,70.1,1,0,5,4,187,6,3,0,
980,1,0,-1559,-1008,-0.461,70.1,1,0,5,4,123,6,3,0,
990,1,0,-1536,-988,-0.533,70.1,1,0,5,4,122,6,3,0,
1000,1,0,-1485,-994,-0.605,70.1,1,0,5,4,95,5,3,0,
1010,1,0,-1452,-1030,-0.611,70.1,1,0,4,3,88,4,3,0,
1020,1,0,-1411,-1024,-0.717,70.1,1,0,5,4,130,5,3,0,
1030,1,0,-1414,-1070,-0.799,70.1,1,0,5,4,84,5,3,0,
1040,1,0,-1326,-1076,-0.986,70.1,1,0,4,3,125,5,3,0,
1050,1,0,-1313,-1201,-1.124,193.7,1,1,-2,-2,107,11,14,0,
1060,1,0,-1199,-1371,-0.669,267.5,1,1,-2,-2,232,10,14,0,
1070,1,0,-965,-1436,-0.637,228.2,1,0,5,3,439,15,3,0,
1080,1,0,-814,-1462,-0.370,123.2,1,0,0,0,-1,14,3,0,
1090,1,0,-756,-1441,-0.103,86.6,1,0,0,0,-1,13,3,0,
1100,1,0,-724,-1401,0.253,73.8,1,0,0,0,-1,13,3,0,
1110,1,0,-697,-1345,0.600,69.9,1,0,0,0,-1,12,3,0,
1120,1,0,-647,-1276,0.921,69.9,1,0,5,2,625,13,3,0,
1130,1,0,-680,-1175,1.154,69.9,1,0,5,2,608,13,3,0,
1140,1,0,-636,-1115,1.436,69.9,1,0,5,2,666,12,3,0,
1150,1,0,-648,-1019,1.834,69.9,1,0,5,2,691,11,3,0,
1160,1,0,-728,-916,2.095,69.9,1,0,5,2,676,11,3,0,
1170,1,0,-773,-880,2.305,69.9,1,0,5,2,663,11,3,0,
1180,1,0,-883,-860,2.674,69.9,1,0,5,2,601,10,3,0,
1190,1,0,-956,-800,2.835,69.9,1,0,5,2,608,10,3,0,
1200,1,0,-1017,-796,3.053,69.9,1,0,5,2,582,10,3,0,
1210,1,0,-1048,-802,-3.074,69.9,1,0,5,2,563,10,3,0,
1220,1,0,-1141,-816,-2.916,69.9,1,0,5,2,520,10,3,0,
1230,1,0,-1171,-810,-2.780,69.9,1,0,5,2,520,10,3,0,
1240,1,0,-1253,-813,-2.743,69.9,1,0,5,2,507,10,3,0,
1250,1,0,-1327,-837,-2.481,69.9,1,0,5,2,486,10,3,0,
1260,1,0,-1355,-858,-2.478,69.9,1,0,5,2,470,10,3,0,
1270,1,0,-1378,-879,-2.356,69.9,1,0,5,2,454,10,3,0,
1280,1,0,-1418,-949,-2.072,69.9,1,0,5,2,400,9,3,0,
1290,1,0,-1414,-994,-2.053,69.9,1,0,5,2,356,9,3,0,
1300,1,0,-1475,-1026,-1.948,69.9,1,0,5,2,359,10,3,0,
1310,1,0,-1439,-1064,-1.808,69.9,1,0,5,4,222,11,3,0,
1320,1,0,-1451,-1124,-1.659,69.9,1,0,5,4,222,11,3,0,
1330,1,0,-1420,-1209,-1.515,151.5,1,1,-2,-2,332,12,14,0,
1340,1,0,-1383,-1239,-1.334,252.8,1,1,-2,-2,328,11,14,0,
1350,1,0,-1379,-1329,-0.818,288.1,1,1,-2,-2,357,10,14,0,
1360,1,0,-1280,-1332,-0.789,300.4,1,1,-2,-2,300,10,14,0,
1370,1,0,-1218,-1350,-0.635,304.7,1,1,-2,-2,271,10,14,0,
1380,1,0,-1121,-1299,-0.485,305.5,1,1,-2,-2,207,10,14,0,
1390,1,0,-969,-1308,-0.147,240.9,1,0,5,3,336,14,3,0,
1400,1,0,-941,-1267,0.203,127.6,1,0,5,2,290,15,3,0,
1410,1,0,-880,-1271,0.450,88.1,1,0,5,2,391,14,3,0,
1420,1,0,-831,-1251,0.850,74.4,1,0,5,2,440,13,3,0,
1430,1,0,-818,-1207,1.163,69.9,1,0,5,2,458,12,3,0,
1440,1,0,-761,-1138,1.436,69.9,1,0,4,2,469,11,3,0,
1450,1,0,-762,-1091,1.566,69.9,1,0,5,2,473,11,3,0,
1460,1,0,-774,-1045,1.746,69.9,1,0,5,2,457,11,3,0,
1470,1,0,-799,-965,1.900,69.9,1,0,5,2,432,10,3,0,
1480,1,0,-796,-919,2.206,69.9,1,0,5,2,442,10,3,0,
1490,1,0,-826,-904,2.261,69.9,1,0,5,2,415,10,3,0,
1500,1,0,-897,-806,2.386,69.9,1,0,5,2,373,9,3,0,
1510,1,0,-938,-827,2.510,69.9,1,0,5,2,292,9,3,0,
1520,1,0,-985,-775,2.592,69.9,1,0,5,2,285,8,3,0,
1530,1,0,-1016,-746,2.678,69.9,1,0,5,3,486,11,3,0,
1540,1,0,-1076,-749,2.872,69.9,1,0,5,3,418,10,3,0,
1550,1,0,-1109,-710,3.051,69.9,1,0,5,3,440,10,3,0,
1560,1,0,-1177,-729,-3.039,69.9,1,0,5,3,474,10,3,0,
1570,1,0,-1227,-708,-2.989,69.9,1,0,5,3,492,11,3,0,
1580,1,0,-1239,-740,-2.676,69.9,1,0,5,3,461,10,3,0,
1590,1,0,-1271,-761,-2.709,69.9,1,0,5,3,441,10,3,0,
1600,1,0,-1284,-744,-2.460,69.9,1,0,5,3,459,10,3,0,
1610,1,0,-1343,-819,-2.241,69.9,1,0,5,3,310,9,3,0,
1620,1,0,-1360,-829,-2.164,69.9,1,0,5,3,304,9,3,0,
1630,1,0,-1379,-866,-2.069,69.9,1,0,5,3,313,9,3,0,
1640,1,0,-1418,-961,-1.882,69.9,1,0,5,4,234,10,3,0,
1650,1,0,-1410,-961,-1.865,69.9,1,0,5,4,231,10,3,0,
1660,1,0,-1386,-1035,-1.763,69.9,1,0,5,4,162,10,3,0,
1670,1,0,-1357,-1095,-1.616,134.1,1,1,-2,-2,264,12,14,0,
1680,1,0,-1251,-1236,-1.351,246.7,1,1,-2,-2,204,11,14,0,
1690,1,0,-1143,-1319,-0.979,286.0,1,1,-2,-2,214,11,14,0,
1700,1,0,-960,-1353,-0.466,234.6,1,0,5,3,388,15,3,0,
1710,1,0,-873,-1322,-0.391,125.4,1,0,5,3,356,15,3,0,
1720,1,0,-841,-1288,-0.144,87.4,1,0,5,2,356,0,3,0,
1730,1,0,-839,-1264,-0.416,74.1,1,0,5,2,311,0,3,0,
1740,1,0,-767,-1285,-0.653,70.1,1,0,5,2,383,1,3,0,
1750,1,0,-785,-1324,-0.985,70.1,1,0,5,2,367,1,3,0,
1760,1,0,-754,-1365,-1.343,70.1,1,0,5,2,405,2,3,0,
1770,1,0,-736,-1396,-1.517,70.1,1,0,5,2,430,2,3,0,
1780,1,0,-760,-1375,-1.879,70.1,1,0,5,2,390,4,3,0,
1790,1,0,-722,-1419,-1.927,70.1,1,0,0,0,-1,2,3,0,
1800,1,0,-748,-1402,-2.222,70.1,1,0,5,2,362,5,3,0,
1810,1,0,-797,-1422,-2.182,70.1,1,0,5,2,314,4,3,0,
1820,1,0,-881,-1444,-2.369,70.1,1,0,5,3,397,3,3,0,
1830,1,0,-894,-1441,-2.519,70.1,1,0,5,3,387,3,3,0,
1840,1,0,-977,-1466,-2.682,70.1,1,0,5,3,370,3,3,0,
1850,1,0,-1028,-1452,-2.827,70.1,1,0,5,3,342,3,3,0,
1860,1,0,-1071,-1449,-3.019,70.1,1,0,5,3,331,3,3,0,
1870,1,0,-1144,-1455,3.084,70.1,1,0,5,3,337,3,3,0,
1880,1,0,-1193,-1439,2.893,70.1,1,0,5,3,329,3,3,0,
1890,1,0,-1217,-1342,2.601,70.1,1,0,5,4,238,3,3,0,
1900,1,0,-1275,-1329,2.440,70.1,1,0,5,4,255,3,3,0,
1910,1,0,-1302,-1230,2.206,70.1,1,0,5,4,208,3,3,0,
1920,1,0,-1329,-1186,2.036,70.1,1,0,5,4,215,3,3,0,
1930,1,0,-1315,-1122,1.920,70.1,1,0,5,4,192,2,3,0,
1940,1,0,-1344,-1058,1.703,70.1,1,0,5,4,230,2,3,0,
1950,1,0,-1317,-961,1.386,70.1,1,0,5,4,253,2,3,0,
1960,1,0,-1301,-918,1.206,70.1,1,0,5,4,272,2,3,0,
1970,1,0,-1254,-821,0.880,70.1,1,0,5,4,330,2,3,0,
1980,1,0,-1244,-755,0.631,70.1,1,0,5,4,388,2,3,0,
1990,1,0,-1145,-751,0.373,70.1,1,0,5,4,374,2,3,0,
2000,1,0,-1101,-748,0.153,70.1,1,0,5,4,377,2,3,0,
2010,1,0,-1041,-725,-0.198,70.1,1,0,5,4,408,3,3,0,
2020,1,0,-934,-766,-0.320,70.1,1,0,5,4,405,3,3,0,
2030,1,0,-898,-787,-0.550,70.1,1,0,5,4,405,3,3,0,
2040,1,0,-854,-783,-0.780,70.1,1,0,5,4,434,3,3,0,
2050,1,0,-796,-851,-0.967,70.1,1,0,5,4,426,3,3,0,
2060,1,0,-767,-868,-1.144,70.1,1,0,5,4,439,3,3,0,
2070,1,0,-699,-940,-1.261,70.1,1,0,5,4,463,3,3,0,
2080,1,0,-707,-1008,-1.423,70.1,1,0,5,4,432,3,3,0,
2090,1,0,-683,-1078,-1.602,70.1,1,0,5,4,443,3,3,0,
2100,1,0,-644,-1095,-1.750,70.1,1,0,5,4,480,4,3,0,
2110,1,0,-700,-1142,-1.916,70.1,1,0,5,4,424,4,3,0,
2120,1,0,-719,-1222,-2.035,70.1,1,0,5,4,416,4,3,0,
2130,1,0,-774,-1256,-2.183,70.1,1,0,5,4,373,4,3,0,
2140,1,0,-801,-1316,-2.292,70.1,1,0,5,4,375,3,3,0,
2150,1,0,-883,-1335,-2.419,70.1,1,0,5,4,320,3,3,0,
2160,1,0,-896,-1386,-2.580,70.1,1,0,5,4,347,3,3,0,
2170,1,0,-950,-1396,-2.862,70.1,1,0,5,4,322,4,3,0,
2180,1,0,-1017,-1432,-3.016,70.1,1,0,5,4,326,4,3,0,
2190,1,0,-1104,-1453,3.080,70.1,1,0,5,4,330,3,3,0,
2200,1,0,-1108,-1397,2.874,70.1,1,0,5,4,273,4,3,0,
2210,1,0,-1180,-1405,2.841,70.1,1,0,5,4,287,3,3,0,
2220,1,0,-1247,-1323,2.652,70.1,1,0,5,4,234,3,3,0,
2230,1,0,-1302,-1260,2.338,70.1,1,0,5,4,225,3,3,0,
2240,1,0,-1331,-1249,2.203,70.1,1,0,5,4,242,3,3,0,
2250,1,0,-1346,-1173,1.960,70.1,1,0,5,4,229,3,3,0,
2260,1,0,-1350,-1091,1.763,70.1,1,0,5,4,229,2,3,0,
2270,1,0,-1325,-1053,1.599,70.1,1,0,5,4,214,2,3,0,
2280,1,0,-1334,-955,1.373,70.1,1,0,5,4,270,2,3,0,
2290,1,0,-1274,-918,1.127,70.1,1,0,5,4,255,2,3,0,
2300,1,0,-1233,-800,0.809,70.1,1,0,5,4,342,2,3,0,
2310,1,0,-1207,-770,0.579,70.1,1,0,5,4,364,2,3,0,
2320,1,0,-1125,-727,0.347,70.1,1,0,5,4,396,2,3,0,
2330,1,0,-1063,-679,0.191,70.1,1,0,5,4,449,2,3,0,
2340,1,0,-1006,-721,-0.034,70.1,1,0,5,4,420,2,3,0,
2350,1,0,-902,-736,-0.256,70.1,1,0,5,4,446,2,3,0,
2360,1,0,-853,-745,-0.453,70.1,1,0,5,4,465,3,3,0,
2370,1,0,-830,-762,-0.714,70.1,1,0,5,4,466,3,3,0,
2380,1,0,-729,-780,-0.903,70.1,1,0,5,4,523,3,3,0,
2390,1,0,-731,-798,-1.104,70.1,1,0,5,4,510,4,3,0,
2400,1,0,-681,-898,-1.179,70.1,1,0,5,4,496,3,3,0,
2410,1,0,-682,-947,-1.321,70.1,1,0,5,4,475,3,3,0,
2420,1,0,-653,-1022,-1.486,70.1,1,0,5,4,481,3,3,0,
2430,1,0,-679,-1073,-1.704,70.1,1,0,5,4,447,4,3,0,
2440,1,0,-680,-1119,-1.833,70.1,1,0,5,4,443,4,3,0,
2450,1,0,-687,-1137,-1.971,70.1,1,0,5,4,437,4,3,0,
2460,1,0,-744,-1208,-2.095,70.1,1,0,5,4,389,4,3,0,
2470,1,0,-783,-1299,-2.132,70.1,1,0,5,4,382,3,3,0,
2480,1,0,-789,-1313,-2.348,70.1,1,0,5,4,385,4,3,0,
2490,1,0,-851,-1390,-2.422,70.1,1,0,5,4,380,3,3,0,
2500,1,0,-919,-1412,-2.598,70.1,1,0,5,4,353,3,3,0,
2510,1,0,-962,-1453,-2.907,70.1,1,0,5,4,366,4,3,0,
2520,1,0,-1042,-1407,-3.098,70.1,1,0,5,4,295,4,3,0,
2530,1,0,-1079,-1408,3.086,70.1,1,0,5,4,288,4,3,0,
2540,1,0,-1121,-1406,2.948,70.1,1,0,5,4,282,4,3,0,
2550,1,0,-1209,-1398,2.789,70.1,1,0,5,4,287,3,3,0,
2560,1,0,-1234,-1328,2.577,70.1,1,0,5,4,233,3,3,0,
2570,1,0,-1303,-1257,2.400,70.1,1,0,5,4,224,3,3,0,
2580,1,0,-1305,-1226,2.170,70.1,1,0,5,4,209,3,3,0,
2590,1,0,-1338,-1149,2.075,134.3,1,1,-2,-2,340,2,14,0,
2600,1,0,-1417,-974,1.676,246.8,1,1,-2,-2,396,3,14,0,
2610,1,0,-1343,-710,1.215,286.0,1,1,-2,-2,499,3,14,0,
2620,1,0,-1204,-464,0.952,299.7,1,0,5,3,698,1,3,0,
2630,1,0,-1044,-319,0.272,158.6,1,0,5,3,847,2,4,0,
2640,1,0,-928,-280,0.124,119.1,1,0,5,3,907,2,4,0,
2650,1,0,-808,-263,-0.137,105.4,1,0,5,3,959,2,4,0,
2660,1,0,-705,-275,-0.270,104.8,1,0,5,3,990,3,4,0,
2670,1,0,-620,-315,-0.440,106.4,1,0,5,3,998,3,4,0,
2680,1,0,-492,-345,-0.686,108.5,1,0,5,3,1047,3,5,0,
2690,1,0,-403,-400,-0.833,95.3,1,0,0,0,-1,3,3,0,
2700,1,0,-346,-478,-1.144,79.4,1,0,6,3,828,1,4,0,
2710,1,0,-341,-493,-1.411,89.9,1,0,6,3,836,2,4,0,
2720,1,0,-332,-592,-1.520,95.2,1,0,6,3,876,2,4,0,
2730,1,0,-311,-679,-1.781,95.2,1,0,6,3,929,2,4,0,
2740,1,0,-373,-782,-2.129,95.2,1,0,6,3,925,3,4,0,
2750,1,0,-402,-835,-2.372,95.2,1,0,6,3,932,3,4,0,
2760,1,0,-425,-875,-2.411,95.2,1,0,6,3,938,3,4,0,
2770,1,0,-382,-925,-2.515,99.8,1,0,6,3,1002,4,5,0,
2780,1,0,-434,-992,-2.591,105.7,1,0,6,3,1010,4,5,0,
2790,1,0,-419,-1028,-2.704,109.8,1,0,6,3,1046,4,5,0,
2800,1,0,-384,-1079,-2.787,110.7,1,0,6,3,1107,4,5,0,
2810,1,0,-394,-1089,-2.888,110.7,1,0,6,3,1107,4,5,0,
2820,1,0,-408,-1136,-3.030,110.7,1,0,6,3,1133,5,5,0,
2830,1,0,-408,-1122,-2.970,110.7,1,0,6,3,1122,4,5,0,
2840,1,0,-403,-1124,-3.183,110.7,1,0,6,3,1127,5,5,0,
2850,1,0,-419,-1119,3.143,110.7,1,0,6,3,1113,5,5,0,
2860,1,0,-372,-1090,3.082,110.7,1,0,6,3,1123,5,5,0,
2870,1,0,-418,-1112,2.822,110.7,1,0,6,3,1109,6,5,0,
2880,1,0,-378,-1069,2.802,110.7,1,0,6,3,1104,6,5,0,
2890,1,0,-366,-1041,2.929,110.7,1,0,6,3,1092,6,5,0,
2900,1,0,-399,-1001,2.908,110.7,1,0,6,3,1041,6,5,0,
2910,1,0,-368,-998,3.007,110.7,1,0,6,3,1062,5,5,0,
2920,1,0,-416,-974,2.976,110.7,1,0,6,3,1010,5,5,0,
2930,1,0,-413,-936,2.960,108.6,1,0,6,3,987,6,4,0,
2940,1,0,-398,-917,2.941,104.4,1,0,6,3,985,6,4,0,
2950,1,0,-386,-909,2.749,100.2,1,0,6,3,990,6,4,0,
2960,1,0,-412,-827,2.721,99.3,1,0,6,3,919,6,4,0,
2970,1,0,-417,-791,2.731,99.3,1,0,6,3,894,6,4,0,
2980,1,0,-376,-746,2.748,99.3,1,0,6,3,904,7,4,0,
2990,1,0,-413,-756,2.877,99.3,1,0,6,3,877,6,4,0,
3000,0,1,1366,-715,3.103,0.0,0,0,11,2,636,7,3,1,
3010,0,1,1332,-704,-3.198,27.4,0,0,11,2,602,7,3,0,
3020,0,1,1330,-720,-3.070,43.6,0,0,11,2,600,7,3,0,
3030,0,1,1301,-687,-3.066,53.2,0,0,11,2,572,7,3,0,
3040,0,1,1320,-705,3.204,58.9,0,0,11,2,591,7,3,0,
3050,0,1,1267,-671,3.206,60.4,0,0,11,2,539,7,3,0,
3060,0,1,1231,-722,3.211,60.4,0,0,11,2,501,7,3,0,
3070,0,1,1242,-686,3.207,60.4,0,0,11,2,513,7,3,0,
3080,0,1,1197,-707,3.114,60.4,0,0,11,2,468,7,3,0,
3090,0,1,1192,-723,3.085,60.4,0,0,11,2,462,7,3,0,
3100,0,1,1147,-684,3.085,60.4,0,0,11,2,419,7,3,0,
3110,0,1,1105,-708,3.081,60.4,0,0,11,2,375,7,3,0,
3120,0,1,1064,-687,3.075,60.4,0,0,11,2,336,7,3,0,
3130,0,1,1044,-712,3.077,60.4,0,0,11,2,315,7,3,0,
3140,0,1,1049,-696,3.131,60.4,0,0,11,2,320,7,3,0,
3150,0,1,1034,-728,3.138,60.4,0,0,11,2,304,7,3,0,
3160,0,1,968,-681,3.138,60.4,0,0,11,3,466,4,3,0,
3170,0,1,989,-683,3.127,60.4,0,0,11,3,479,4,3,0,
3180,0,1,960,-696,3.092,60.4,0,0,11,3,475,4,3,0,
3190,0,1,913,-717,2.963,60.4,0,0,11,3,474,4,3,0,
3200,0,1,911,-675,2.904,60.4,0,0,11,3,435,5,3,0,
3210,0,1,896,-691,2.849,60.4,0,0,11,3,443,5,3,0,
3220,0,1,837,-649,2.808,60.4,0,0,11,3,384,5,3,0,
3230,0,1,844,-659,2.750,60.4,0,0,11,3,395,5,3,0,
3240,0,1,824,-638,2.677,60.4,0,0,11,3,370,5,3,0,
3250,0,1,784,-643,2.618,60.4,0,0,11,3,366,5,3,0,
3260,0,1,750,-631,2.701,60.4,0,0,11,3,351,4,3,0,
3270,0,1,713,-623,2.506,60.4,0,0,11,3,344,4,3,0,
3280,0,1,736,-619,2.595,60.4,0,0,11,3,339,4,3,0,
3290,0,1,695,-570,2.541,60.4,0,0,11,3,292,4,3,0,
3300,0,1,654,-571,2.427,60.4,0,0,11,3,301,4,3,0,
3310,0,1,672,-529,2.400,60.4,0,0,11,4,560,8,3,0,
3320,0,1,701,-540,2.392,60.4,0,0,11,4,591,8,3,0,
3330,0,1,703,-499,2.403,60.4,0,0,10,3,576,8,3,0,
3340,0,1,660,-452,2.446,60.4,0,0,10,3,520,8,3,0,
